Month,District,household_income
2006-01,AucklandCity,83915.54
2006-01,Franklin,74648.00
2006-01,Manukau,76180.85
2006-01,NorthShore,80942.02
2006-01,Papakura,71088.00
2006-01,Rodney,65471.00
2006-01,Waitakere,72900.46
2006-02,AucklandCity,84294.65
2006-02,Franklin,75187.00
2006-02,Manukau,76548.93
2006-02,NorthShore,81371.30
2006-02,Papakura,71400.42
2006-02,Rodney,65852.17
2006-02,Waitakere,73242.75
2006-03,AucklandCity,84673.77
2006-03,Franklin,75726.00
2006-03,Manukau,76917.02
2006-03,NorthShore,81800.58
2006-03,Papakura,71712.83
2006-03,Rodney,66233.33
2006-03,Waitakere,73585.04
2006-04,AucklandCity,85052.89
2006-04,Franklin,76265.00
2006-04,Manukau,77285.10
2006-04,NorthShore,82229.86
2006-04,Papakura,72025.25
2006-04,Rodney,66614.50
2006-04,Waitakere,73927.33
2006-05,AucklandCity,85432.01
2006-05,Franklin,76804.00
2006-05,Manukau,77653.18
2006-05,NorthShore,82659.14
2006-05,Papakura,72337.67
2006-05,Rodney,66995.67
2006-05,Waitakere,74269.62
2006-06,AucklandCity,85811.13
2006-06,Franklin,77343.00
2006-06,Manukau,78021.27
2006-06,NorthShore,83088.41
2006-06,Papakura,72650.08
2006-06,Rodney,67376.83
2006-06,Waitakere,74611.92
2006-07,AucklandCity,86190.24
2006-07,Franklin,77882.00
2006-07,Manukau,78389.35
2006-07,NorthShore,83517.69
2006-07,Papakura,72962.50
2006-07,Rodney,67758.00
2006-07,Waitakere,74954.21
2006-08,AucklandCity,86569.36
2006-08,Franklin,78421.00
2006-08,Manukau,78757.44
2006-08,NorthShore,83946.97
2006-08,Papakura,73274.92
2006-08,Rodney,68139.17
2006-08,Waitakere,75296.50
2006-09,AucklandCity,86948.48
2006-09,Franklin,78960.00
2006-09,Manukau,79125.52
2006-09,NorthShore,84376.25
2006-09,Papakura,73587.33
2006-09,Rodney,68520.33
2006-09,Waitakere,75638.79
2006-10,AucklandCity,87327.60
2006-10,Franklin,79499.00
2006-10,Manukau,79493.61
2006-10,NorthShore,84805.52
2006-10,Papakura,73899.75
2006-10,Rodney,68901.50
2006-10,Waitakere,75981.08
2006-11,AucklandCity,87706.72
2006-11,Franklin,80038.00
2006-11,Manukau,79861.69
2006-11,NorthShore,85234.80
2006-11,Papakura,74212.17
2006-11,Rodney,69282.67
2006-11,Waitakere,76323.38
2006-12,AucklandCity,88085.83
2006-12,Franklin,80577.00
2006-12,Manukau,80229.77
2006-12,NorthShore,85664.08
2006-12,Papakura,74524.58
2006-12,Rodney,69663.83
2006-12,Waitakere,76665.67
2007-01,AucklandCity,88464.95
2007-01,Franklin,81116.00
2007-01,Manukau,80597.86
2007-01,NorthShore,86093.36
2007-01,Papakura,74837.00
2007-01,Rodney,70045.00
2007-01,Waitakere,77007.96
2007-02,AucklandCity,89029.02
2007-02,Franklin,81769.33
2007-02,Manukau,81131.67
2007-02,NorthShore,86662.54
2007-02,Papakura,75263.42
2007-02,Rodney,70630.17
2007-02,Waitakere,77508.53
2007-03,AucklandCity,89593.08
2007-03,Franklin,82422.67
2007-03,Manukau,81665.48
2007-03,NorthShore,87231.72
2007-03,Papakura,75689.83
2007-03,Rodney,71215.33
2007-03,Waitakere,78009.11
2007-04,AucklandCity,90157.14
2007-04,Franklin,83076.00
2007-04,Manukau,82199.28
2007-04,NorthShore,87800.90
2007-04,Papakura,76116.25
2007-04,Rodney,71800.50
2007-04,Waitakere,78509.68
2007-05,AucklandCity,90721.21
2007-05,Franklin,83729.33
2007-05,Manukau,82733.09
2007-05,NorthShore,88370.08
2007-05,Papakura,76542.67
2007-05,Rodney,72385.67
2007-05,Waitakere,79010.25
2007-06,AucklandCity,91285.27
2007-06,Franklin,84382.67
2007-06,Manukau,83266.90
2007-06,NorthShore,88939.26
2007-06,Papakura,76969.08
2007-06,Rodney,72970.83
2007-06,Waitakere,79510.82
2007-07,AucklandCity,91849.33
2007-07,Franklin,85036.00
2007-07,Manukau,83800.71
2007-07,NorthShore,89508.44
2007-07,Papakura,77395.50
2007-07,Rodney,73556.00
2007-07,Waitakere,80011.40
2007-08,AucklandCity,92413.40
2007-08,Franklin,85689.33
2007-08,Manukau,84334.52
2007-08,NorthShore,90077.62
2007-08,Papakura,77821.92
2007-08,Rodney,74141.17
2007-08,Waitakere,80511.97
2007-09,AucklandCity,92977.46
2007-09,Franklin,86342.67
2007-09,Manukau,84868.33
2007-09,NorthShore,90646.80
2007-09,Papakura,78248.33
2007-09,Rodney,74726.33
2007-09,Waitakere,81012.54
2007-10,AucklandCity,93541.52
2007-10,Franklin,86996.00
2007-10,Manukau,85402.14
2007-10,NorthShore,91215.98
2007-10,Papakura,78674.75
2007-10,Rodney,75311.50
2007-10,Waitakere,81513.11
2007-11,AucklandCity,94105.59
2007-11,Franklin,87649.33
2007-11,Manukau,85935.95
2007-11,NorthShore,91785.16
2007-11,Papakura,79101.17
2007-11,Rodney,75896.67
2007-11,Waitakere,82013.69
2007-12,AucklandCity,94669.65
2007-12,Franklin,88302.67
2007-12,Manukau,86469.75
2007-12,NorthShore,92354.35
2007-12,Papakura,79527.58
2007-12,Rodney,76481.83
2007-12,Waitakere,82514.26
2008-01,AucklandCity,95233.71
2008-01,Franklin,88956.00
2008-01,Manukau,87003.56
2008-01,NorthShore,92923.53
2008-01,Papakura,79954.00
2008-01,Rodney,77067.00
2008-01,Waitakere,83014.83
2008-02,AucklandCity,95151.83
2008-02,Franklin,88890.33
2008-02,Manukau,86951.83
2008-02,NorthShore,92859.98
2008-02,Papakura,79907.83
2008-02,Rodney,77082.83
2008-02,Waitakere,82922.34
2008-03,AucklandCity,95069.95
2008-03,Franklin,88824.67
2008-03,Manukau,86900.09
2008-03,NorthShore,92796.43
2008-03,Papakura,79861.67
2008-03,Rodney,77098.67
2008-03,Waitakere,82829.85
2008-04,AucklandCity,94988.07
2008-04,Franklin,88759.00
2008-04,Manukau,86848.35
2008-04,NorthShore,92732.89
2008-04,Papakura,79815.50
2008-04,Rodney,77114.50
2008-04,Waitakere,82737.36
2008-05,AucklandCity,94906.19
2008-05,Franklin,88693.33
2008-05,Manukau,86796.61
2008-05,NorthShore,92669.34
2008-05,Papakura,79769.33
2008-05,Rodney,77130.33
2008-05,Waitakere,82644.87
2008-06,AucklandCity,94824.30
2008-06,Franklin,88627.67
2008-06,Manukau,86744.88
2008-06,NorthShore,92605.79
2008-06,Papakura,79723.17
2008-06,Rodney,77146.17
2008-06,Waitakere,82552.38
2008-07,AucklandCity,94742.42
2008-07,Franklin,88562.00
2008-07,Manukau,86693.14
2008-07,NorthShore,92542.24
2008-07,Papakura,79677.00
2008-07,Rodney,77162.00
2008-07,Waitakere,82459.88
2008-08,AucklandCity,94660.54
2008-08,Franklin,88496.33
2008-08,Manukau,86641.40
2008-08,NorthShore,92478.70
2008-08,Papakura,79630.83
2008-08,Rodney,77177.83
2008-08,Waitakere,82367.39
2008-09,AucklandCity,94578.66
2008-09,Franklin,88430.67
2008-09,Manukau,86589.66
2008-09,NorthShore,92415.15
2008-09,Papakura,79584.67
2008-09,Rodney,77193.67
2008-09,Waitakere,82274.90
2008-10,AucklandCity,94496.78
2008-10,Franklin,88365.00
2008-10,Manukau,86537.92
2008-10,NorthShore,92351.60
2008-10,Papakura,79538.50
2008-10,Rodney,77209.50
2008-10,Waitakere,82182.41
2008-11,AucklandCity,94414.89
2008-11,Franklin,88299.33
2008-11,Manukau,86486.19
2008-11,NorthShore,92288.06
2008-11,Papakura,79492.33
2008-11,Rodney,77225.33
2008-11,Waitakere,82089.92
2008-12,AucklandCity,94333.01
2008-12,Franklin,88233.67
2008-12,Manukau,86434.45
2008-12,NorthShore,92224.51
2008-12,Papakura,79446.17
2008-12,Rodney,77241.17
2008-12,Waitakere,81997.43
2009-01,AucklandCity,94251.13
2009-01,Franklin,88168.00
2009-01,Manukau,86382.71
2009-01,NorthShore,92160.96
2009-01,Papakura,79400.00
2009-01,Rodney,77257.00
2009-01,Waitakere,81904.94
2009-02,AucklandCity,94259.91
2009-02,Franklin,88285.08
2009-02,Manukau,86385.94
2009-02,NorthShore,92153.71
2009-02,Papakura,79332.75
2009-02,Rodney,77473.50
2009-02,Waitakere,81954.32
2009-03,AucklandCity,94268.68
2009-03,Franklin,88402.17
2009-03,Manukau,86389.16
2009-03,NorthShore,92146.46
2009-03,Papakura,79265.50
2009-03,Rodney,77690.00
2009-03,Waitakere,82003.70
2009-04,AucklandCity,94277.46
2009-04,Franklin,88519.25
2009-04,Manukau,86392.39
2009-04,NorthShore,92139.21
2009-04,Papakura,79198.25
2009-04,Rodney,77906.50
2009-04,Waitakere,82053.08
2009-05,AucklandCity,94286.23
2009-05,Franklin,88636.33
2009-05,Manukau,86395.62
2009-05,NorthShore,92131.96
2009-05,Papakura,79131.00
2009-05,Rodney,78123.00
2009-05,Waitakere,82102.46
2009-06,AucklandCity,94295.01
2009-06,Franklin,88753.42
2009-06,Manukau,86398.84
2009-06,NorthShore,92124.70
2009-06,Papakura,79063.75
2009-06,Rodney,78339.50
2009-06,Waitakere,82151.84
2009-07,AucklandCity,94303.79
2009-07,Franklin,88870.50
2009-07,Manukau,86402.07
2009-07,NorthShore,92117.45
2009-07,Papakura,78996.50
2009-07,Rodney,78556.00
2009-07,Waitakere,82201.22
2009-08,AucklandCity,94312.56
2009-08,Franklin,88987.58
2009-08,Manukau,86405.29
2009-08,NorthShore,92110.20
2009-08,Papakura,78929.25
2009-08,Rodney,78772.50
2009-08,Waitakere,82250.60
2009-09,AucklandCity,94321.34
2009-09,Franklin,89104.67
2009-09,Manukau,86408.52
2009-09,NorthShore,92102.95
2009-09,Papakura,78862.00
2009-09,Rodney,78989.00
2009-09,Waitakere,82299.98
2009-10,AucklandCity,94330.12
2009-10,Franklin,89221.75
2009-10,Manukau,86411.75
2009-10,NorthShore,92095.70
2009-10,Papakura,78794.75
2009-10,Rodney,79205.50
2009-10,Waitakere,82349.37
2009-11,AucklandCity,94338.89
2009-11,Franklin,89338.83
2009-11,Manukau,86414.97
2009-11,NorthShore,92088.44
2009-11,Papakura,78727.50
2009-11,Rodney,79422.00
2009-11,Waitakere,82398.75
2009-12,AucklandCity,94347.67
2009-12,Franklin,89455.92
2009-12,Manukau,86418.20
2009-12,NorthShore,92081.19
2009-12,Papakura,78660.25
2009-12,Rodney,79638.50
2009-12,Waitakere,82448.13
2010-01,AucklandCity,94356.45
2010-01,Franklin,89573.00
2010-01,Manukau,86421.42
2010-01,NorthShore,92073.94
2010-01,Papakura,78593.00
2010-01,Rodney,79855.00
2010-01,Waitakere,82497.51
2010-02,AucklandCity,94739.98
2010-02,Franklin,90041.67
2010-02,Manukau,86788.13
2010-02,NorthShore,92446.33
2010-02,Papakura,78871.92
2010-02,Rodney,80255.67
2010-02,Waitakere,82832.90
2010-03,AucklandCity,95123.52
2010-03,Franklin,90510.33
2010-03,Manukau,87154.83
2010-03,NorthShore,92818.73
2010-03,Papakura,79150.83
2010-03,Rodney,80656.33
2010-03,Waitakere,83168.29
2010-04,AucklandCity,95507.05
2010-04,Franklin,90979.00
2010-04,Manukau,87521.54
2010-04,NorthShore,93191.12
2010-04,Papakura,79429.75
2010-04,Rodney,81057.00
2010-04,Waitakere,83503.69
2010-05,AucklandCity,95890.59
2010-05,Franklin,91447.67
2010-05,Manukau,87888.24
2010-05,NorthShore,93563.51
2010-05,Papakura,79708.67
2010-05,Rodney,81457.67
2010-05,Waitakere,83839.08
2010-06,AucklandCity,96274.13
2010-06,Franklin,91916.33
2010-06,Manukau,88254.95
2010-06,NorthShore,93935.90
2010-06,Papakura,79987.58
2010-06,Rodney,81858.33
2010-06,Waitakere,84174.47
2010-07,AucklandCity,96657.66
2010-07,Franklin,92385.00
2010-07,Manukau,88621.65
2010-07,NorthShore,94308.30
2010-07,Papakura,80266.50
2010-07,Rodney,82259.00
2010-07,Waitakere,84509.87
2010-08,AucklandCity,97041.20
2010-08,Franklin,92853.67
2010-08,Manukau,88988.35
2010-08,NorthShore,94680.69
2010-08,Papakura,80545.42
2010-08,Rodney,82659.67
2010-08,Waitakere,84845.26
2010-09,AucklandCity,97424.74
2010-09,Franklin,93322.33
2010-09,Manukau,89355.06
2010-09,NorthShore,95053.08
2010-09,Papakura,80824.33
2010-09,Rodney,83060.33
2010-09,Waitakere,85180.65
2010-10,AucklandCity,97808.27
2010-10,Franklin,93791.00
2010-10,Manukau,89721.76
2010-10,NorthShore,95425.47
2010-10,Papakura,81103.25
2010-10,Rodney,83461.00
2010-10,Waitakere,85516.05
2010-11,AucklandCity,98191.81
2010-11,Franklin,94259.67
2010-11,Manukau,90088.47
2010-11,NorthShore,95797.87
2010-11,Papakura,81382.17
2010-11,Rodney,83861.67
2010-11,Waitakere,85851.44
2010-12,AucklandCity,98575.34
2010-12,Franklin,94728.33
2010-12,Manukau,90455.17
2010-12,NorthShore,96170.26
2010-12,Papakura,81661.08
2010-12,Rodney,84262.33
2010-12,Waitakere,86186.83
2011-01,AucklandCity,98958.88
2011-01,Franklin,95197.00
2011-01,Manukau,90821.88
2011-01,NorthShore,96542.65
2011-01,Papakura,81940.00
2011-01,Rodney,84663.00
2011-01,Waitakere,86522.23
2011-02,AucklandCity,99238.35
2011-02,Franklin,95600.25
2011-02,Manukau,91019.30
2011-02,NorthShore,96845.57
2011-02,Papakura,82127.83
2011-02,Rodney,85122.92
2011-02,Waitakere,86730.99
2011-03,AucklandCity,99517.82
2011-03,Franklin,96003.50
2011-03,Manukau,91216.72
2011-03,NorthShore,97148.49
2011-03,Papakura,82315.67
2011-03,Rodney,85582.83
2011-03,Waitakere,86939.76
2011-04,AucklandCity,99797.30
2011-04,Franklin,96406.75
2011-04,Manukau,91414.14
2011-04,NorthShore,97451.41
2011-04,Papakura,82503.50
2011-04,Rodney,86042.75
2011-04,Waitakere,87148.53
2011-05,AucklandCity,100076.77
2011-05,Franklin,96810.00
2011-05,Manukau,91611.56
2011-05,NorthShore,97754.33
2011-05,Papakura,82691.33
2011-05,Rodney,86502.67
2011-05,Waitakere,87357.30
2011-06,AucklandCity,100356.24
2011-06,Franklin,97213.25
2011-06,Manukau,91808.98
2011-06,NorthShore,98057.25
2011-06,Papakura,82879.17
2011-06,Rodney,86962.58
2011-06,Waitakere,87566.06
2011-07,AucklandCity,100635.71
2011-07,Franklin,97616.50
2011-07,Manukau,92006.40
2011-07,NorthShore,98360.17
2011-07,Papakura,83067.00
2011-07,Rodney,87422.50
2011-07,Waitakere,87774.83
2011-08,AucklandCity,100915.18
2011-08,Franklin,98019.75
2011-08,Manukau,92203.81
2011-08,NorthShore,98663.09
2011-08,Papakura,83254.83
2011-08,Rodney,87882.42
2011-08,Waitakere,87983.60
2011-09,AucklandCity,101194.65
2011-09,Franklin,98423.00
2011-09,Manukau,92401.23
2011-09,NorthShore,98966.01
2011-09,Papakura,83442.67
2011-09,Rodney,88342.33
2011-09,Waitakere,88192.36
2011-10,AucklandCity,101474.13
2011-10,Franklin,98826.25
2011-10,Manukau,92598.65
2011-10,NorthShore,99268.93
2011-10,Papakura,83630.50
2011-10,Rodney,88802.25
2011-10,Waitakere,88401.13
2011-11,AucklandCity,101753.60
2011-11,Franklin,99229.50
2011-11,Manukau,92796.07
2011-11,NorthShore,99571.84
2011-11,Papakura,83818.33
2011-11,Rodney,89262.17
2011-11,Waitakere,88609.90
2011-12,AucklandCity,102033.07
2011-12,Franklin,99632.75
2011-12,Manukau,92993.49
2011-12,NorthShore,99874.76
2011-12,Papakura,84006.17
2011-12,Rodney,89722.08
2011-12,Waitakere,88818.66
2012-01,AucklandCity,102312.54
2012-01,Franklin,100036.00
2012-01,Manukau,93190.91
2012-01,NorthShore,100177.68
2012-01,Papakura,84194.00
2012-01,Rodney,90182.00
2012-01,Waitakere,89027.43
2012-02,AucklandCity,102289.89
2012-02,Franklin,100235.08
2012-02,Manukau,93187.12
2012-02,NorthShore,100270.38
2012-02,Papakura,84309.75
2012-02,Rodney,90371.25
2012-02,Waitakere,89037.73
2012-03,AucklandCity,102267.23
2012-03,Franklin,100434.17
2012-03,Manukau,93183.33
2012-03,NorthShore,100363.07
2012-03,Papakura,84425.50
2012-03,Rodney,90560.50
2012-03,Waitakere,89048.03
2012-04,AucklandCity,102244.58
2012-04,Franklin,100633.25
2012-04,Manukau,93179.54
2012-04,NorthShore,100455.77
2012-04,Papakura,84541.25
2012-04,Rodney,90749.75
2012-04,Waitakere,89058.34
2012-05,AucklandCity,102221.92
2012-05,Franklin,100832.33
2012-05,Manukau,93175.74
2012-05,NorthShore,100548.46
2012-05,Papakura,84657.00
2012-05,Rodney,90939.00
2012-05,Waitakere,89068.64
2012-06,AucklandCity,102199.27
2012-06,Franklin,101031.42
2012-06,Manukau,93171.95
2012-06,NorthShore,100641.16
2012-06,Papakura,84772.75
2012-06,Rodney,91128.25
2012-06,Waitakere,89078.94
2012-07,AucklandCity,102176.61
2012-07,Franklin,101230.50
2012-07,Manukau,93168.16
2012-07,NorthShore,100733.85
2012-07,Papakura,84888.50
2012-07,Rodney,91317.50
2012-07,Waitakere,89089.25
2012-08,AucklandCity,102153.96
2012-08,Franklin,101429.58
2012-08,Manukau,93164.37
2012-08,NorthShore,100826.54
2012-08,Papakura,85004.25
2012-08,Rodney,91506.75
2012-08,Waitakere,89099.55
2012-09,AucklandCity,102131.30
2012-09,Franklin,101628.67
2012-09,Manukau,93160.57
2012-09,NorthShore,100919.24
2012-09,Papakura,85120.00
2012-09,Rodney,91696.00
2012-09,Waitakere,89109.85
2012-10,AucklandCity,102108.65
2012-10,Franklin,101827.75
2012-10,Manukau,93156.78
2012-10,NorthShore,101011.93
2012-10,Papakura,85235.75
2012-10,Rodney,91885.25
2012-10,Waitakere,89120.15
2012-11,AucklandCity,102085.99
2012-11,Franklin,102026.83
2012-11,Manukau,93152.99
2012-11,NorthShore,101104.63
2012-11,Papakura,85351.50
2012-11,Rodney,92074.50
2012-11,Waitakere,89130.46
2012-12,AucklandCity,102063.34
2012-12,Franklin,102225.92
2012-12,Manukau,93149.20
2012-12,NorthShore,101197.32
2012-12,Papakura,85467.25
2012-12,Rodney,92263.75
2012-12,Waitakere,89140.76
2013-01,AucklandCity,102040.68
2013-01,Franklin,102425.00
2013-01,Manukau,93145.40
2013-01,NorthShore,101290.02
2013-01,Papakura,85583.00
2013-01,Rodney,92453.00
2013-01,Waitakere,89151.06
2013-02,AucklandCity,102525.81
2013-02,Franklin,102900.00
2013-02,Manukau,93586.11
2013-02,NorthShore,101726.78
2013-02,Papakura,85983.92
2013-02,Rodney,92854.33
2013-02,Waitakere,89563.24
2013-03,AucklandCity,103010.93
2013-03,Franklin,103375.00
2013-03,Manukau,94026.81
2013-03,NorthShore,102163.55
2013-03,Papakura,86384.83
2013-03,Rodney,93255.67
2013-03,Waitakere,89975.42
2013-04,AucklandCity,103496.06
2013-04,Franklin,103850.00
2013-04,Manukau,94467.52
2013-04,NorthShore,102600.32
2013-04,Papakura,86785.75
2013-04,Rodney,93657.00
2013-04,Waitakere,90387.60
2013-05,AucklandCity,103981.18
2013-05,Franklin,104325.00
2013-05,Manukau,94908.22
2013-05,NorthShore,103037.09
2013-05,Papakura,87186.67
2013-05,Rodney,94058.33
2013-05,Waitakere,90799.78
2013-06,AucklandCity,104466.30
2013-06,Franklin,104800.00
2013-06,Manukau,95348.93
2013-06,NorthShore,103473.86
2013-06,Papakura,87587.58
2013-06,Rodney,94459.67
2013-06,Waitakere,91211.96
2013-07,AucklandCity,104951.43
2013-07,Franklin,105275.00
2013-07,Manukau,95789.63
2013-07,NorthShore,103910.62
2013-07,Papakura,87988.50
2013-07,Rodney,94861.00
2013-07,Waitakere,91624.14
2013-08,AucklandCity,105436.55
2013-08,Franklin,105750.00
2013-08,Manukau,96230.34
2013-08,NorthShore,104347.39
2013-08,Papakura,88389.42
2013-08,Rodney,95262.33
2013-08,Waitakere,92036.32
2013-09,AucklandCity,105921.67
2013-09,Franklin,106225.00
2013-09,Manukau,96671.04
2013-09,NorthShore,104784.16
2013-09,Papakura,88790.33
2013-09,Rodney,95663.67
2013-09,Waitakere,92448.49
2013-10,AucklandCity,106406.80
2013-10,Franklin,106700.00
2013-10,Manukau,97111.75
2013-10,NorthShore,105220.93
2013-10,Papakura,89191.25
2013-10,Rodney,96065.00
2013-10,Waitakere,92860.67
2013-11,AucklandCity,106891.92
2013-11,Franklin,107175.00
2013-11,Manukau,97552.45
2013-11,NorthShore,105657.69
2013-11,Papakura,89592.17
2013-11,Rodney,96466.33
2013-11,Waitakere,93272.85
2013-12,AucklandCity,107377.05
2013-12,Franklin,107650.00
2013-12,Manukau,97993.16
2013-12,NorthShore,106094.46
2013-12,Papakura,89993.08
2013-12,Rodney,96867.67
2013-12,Waitakere,93685.03
2014-01,AucklandCity,107862.17
2014-01,Franklin,108125.00
2014-01,Manukau,98433.86
2014-01,NorthShore,106531.23
2014-01,Papakura,90394.00
2014-01,Rodney,97269.00
2014-01,Waitakere,94097.21
2014-02,AucklandCity,108254.02
2014-02,Franklin,108569.58
2014-02,Manukau,98784.55
2014-02,NorthShore,106860.94
2014-02,Papakura,90758.92
2014-02,Rodney,97712.75
2014-02,Waitakere,94468.47
2014-03,AucklandCity,108645.87
2014-03,Franklin,109014.17
2014-03,Manukau,99135.23
2014-03,NorthShore,107190.65
2014-03,Papakura,91123.83
2014-03,Rodney,98156.50
2014-03,Waitakere,94839.72
2014-04,AucklandCity,109037.72
2014-04,Franklin,109458.75
2014-04,Manukau,99485.92
2014-04,NorthShore,107520.36
2014-04,Papakura,91488.75
2014-04,Rodney,98600.25
2014-04,Waitakere,95210.98
2014-05,AucklandCity,109429.58
2014-05,Franklin,109903.33
2014-05,Manukau,99836.61
2014-05,NorthShore,107850.07
2014-05,Papakura,91853.67
2014-05,Rodney,99044.00
2014-05,Waitakere,95582.23
2014-06,AucklandCity,109821.43
2014-06,Franklin,110347.92
2014-06,Manukau,100187.29
2014-06,NorthShore,108179.78
2014-06,Papakura,92218.58
2014-06,Rodney,99487.75
2014-06,Waitakere,95953.49
2014-07,AucklandCity,110213.28
2014-07,Franklin,110792.50
2014-07,Manukau,100537.98
2014-07,NorthShore,108509.48
2014-07,Papakura,92583.50
2014-07,Rodney,99931.50
2014-07,Waitakere,96324.75
2014-08,AucklandCity,110605.13
2014-08,Franklin,111237.08
2014-08,Manukau,100888.66
2014-08,NorthShore,108839.19
2014-08,Papakura,92948.42
2014-08,Rodney,100375.25
2014-08,Waitakere,96696.00
2014-09,AucklandCity,110996.98
2014-09,Franklin,111681.67
2014-09,Manukau,101239.35
2014-09,NorthShore,109168.90
2014-09,Papakura,93313.33
2014-09,Rodney,100819.00
2014-09,Waitakere,97067.26
2014-10,AucklandCity,111388.83
2014-10,Franklin,112126.25
2014-10,Manukau,101590.04
2014-10,NorthShore,109498.61
2014-10,Papakura,93678.25
2014-10,Rodney,101262.75
2014-10,Waitakere,97438.51
2014-11,AucklandCity,111780.68
2014-11,Franklin,112570.83
2014-11,Manukau,101940.72
2014-11,NorthShore,109828.32
2014-11,Papakura,94043.17
2014-11,Rodney,101706.50
2014-11,Waitakere,97809.77
2014-12,AucklandCity,112172.53
2014-12,Franklin,113015.42
2014-12,Manukau,102291.41
2014-12,NorthShore,110158.03
2014-12,Papakura,94408.08
2014-12,Rodney,102150.25
2014-12,Waitakere,98181.03
2015-01,AucklandCity,112564.39
2015-01,Franklin,113460.00
2015-01,Manukau,102642.09
2015-01,NorthShore,110487.74
2015-01,Papakura,94773.00
2015-01,Rodney,102594.00
2015-01,Waitakere,98552.28
2015-02,AucklandCity,113155.98
2015-02,Franklin,114087.33
2015-02,Manukau,103214.23
2015-02,NorthShore,111043.37
2015-02,Papakura,95375.17
2015-02,Rodney,103356.17
2015-02,Waitakere,99071.51
2015-03,AucklandCity,113747.58
2015-03,Franklin,114714.67
2015-03,Manukau,103786.36
2015-03,NorthShore,111599.00
2015-03,Papakura,95977.33
2015-03,Rodney,104118.33
2015-03,Waitakere,99590.73
2015-04,AucklandCity,114339.18
2015-04,Franklin,115342.00
2015-04,Manukau,104358.50
2015-04,NorthShore,112154.63
2015-04,Papakura,96579.50
2015-04,Rodney,104880.50
2015-04,Waitakere,100109.96
2015-05,AucklandCity,114930.77
2015-05,Franklin,115969.33
2015-05,Manukau,104930.63
2015-05,NorthShore,112710.26
2015-05,Papakura,97181.67
2015-05,Rodney,105642.67
2015-05,Waitakere,100629.18
2015-06,AucklandCity,115522.37
2015-06,Franklin,116596.67
2015-06,Manukau,105502.76
2015-06,NorthShore,113265.90
2015-06,Papakura,97783.83
2015-06,Rodney,106404.83
2015-06,Waitakere,101148.41
2015-07,AucklandCity,116113.97
2015-07,Franklin,117224.00
2015-07,Manukau,106074.90
2015-07,NorthShore,113821.53
2015-07,Papakura,98386.00
2015-07,Rodney,107167.00
2015-07,Waitakere,101667.63
2015-08,AucklandCity,116705.56
2015-08,Franklin,117851.33
2015-08,Manukau,106647.03
2015-08,NorthShore,114377.16
2015-08,Papakura,98988.17
2015-08,Rodney,107929.17
2015-08,Waitakere,102186.86
2015-09,AucklandCity,117297.16
2015-09,Franklin,118478.67
2015-09,Manukau,107219.17
2015-09,NorthShore,114932.79
2015-09,Papakura,99590.33
2015-09,Rodney,108691.33
2015-09,Waitakere,102706.09
2015-10,AucklandCity,117888.76
2015-10,Franklin,119106.00
2015-10,Manukau,107791.30
2015-10,NorthShore,115488.42
2015-10,Papakura,100192.50
2015-10,Rodney,109453.50
2015-10,Waitakere,103225.31
2015-11,AucklandCity,118480.35
2015-11,Franklin,119733.33
2015-11,Manukau,108363.44
2015-11,NorthShore,116044.05
2015-11,Papakura,100794.67
2015-11,Rodney,110215.67
2015-11,Waitakere,103744.54
2015-12,AucklandCity,119071.95
2015-12,Franklin,120360.67
2015-12,Manukau,108935.57
2015-12,NorthShore,116599.69
2015-12,Papakura,101396.83
2015-12,Rodney,110977.83
2015-12,Waitakere,104263.76
2016-01,AucklandCity,119663.55
2016-01,Franklin,120988.00
2016-01,Manukau,109507.71
2016-01,NorthShore,117155.32
2016-01,Papakura,101999.00
2016-01,Rodney,111740.00
2016-01,Waitakere,104782.99
2016-02,AucklandCity,119905.79
2016-02,Franklin,121250.50
2016-02,Manukau,109797.04
2016-02,NorthShore,117340.90
2016-02,Papakura,102270.92
2016-02,Rodney,112080.42
2016-02,Waitakere,105015.71
2016-03,AucklandCity,120148.04
2016-03,Franklin,121513.00
2016-03,Manukau,110086.37
2016-03,NorthShore,117526.48
2016-03,Papakura,102542.83
2016-03,Rodney,112420.83
2016-03,Waitakere,105248.43
2016-04,AucklandCity,120390.28
2016-04,Franklin,121775.50
2016-04,Manukau,110375.71
2016-04,NorthShore,117712.05
2016-04,Papakura,102814.75
2016-04,Rodney,112761.25
2016-04,Waitakere,105481.15
2016-05,AucklandCity,120632.53
2016-05,Franklin,122038.00
2016-05,Manukau,110665.04
2016-05,NorthShore,117897.63
2016-05,Papakura,103086.67
2016-05,Rodney,113101.67
2016-05,Waitakere,105713.88
2016-06,AucklandCity,120874.77
2016-06,Franklin,122300.50
2016-06,Manukau,110954.37
2016-06,NorthShore,118083.21
2016-06,Papakura,103358.58
2016-06,Rodney,113442.08
2016-06,Waitakere,105946.60
2016-07,AucklandCity,121117.02
2016-07,Franklin,122563.00
2016-07,Manukau,111243.71
2016-07,NorthShore,118268.79
2016-07,Papakura,103630.50
2016-07,Rodney,113782.50
2016-07,Waitakere,106179.32
2016-08,AucklandCity,121359.26
2016-08,Franklin,122825.50
2016-08,Manukau,111533.04
2016-08,NorthShore,118454.37
2016-08,Papakura,103902.42
2016-08,Rodney,114122.92
2016-08,Waitakere,106412.04
2016-09,AucklandCity,121601.51
2016-09,Franklin,123088.00
2016-09,Manukau,111822.37
2016-09,NorthShore,118639.95
2016-09,Papakura,104174.33
2016-09,Rodney,114463.33
2016-09,Waitakere,106644.77
2016-10,AucklandCity,121843.75
2016-10,Franklin,123350.50
2016-10,Manukau,112111.71
2016-10,NorthShore,118825.53
2016-10,Papakura,104446.25
2016-10,Rodney,114803.75
2016-10,Waitakere,106877.49
2016-11,AucklandCity,122086.00
2016-11,Franklin,123613.00
2016-11,Manukau,112401.04
2016-11,NorthShore,119011.11
2016-11,Papakura,104718.17
2016-11,Rodney,115144.17
2016-11,Waitakere,107110.21
2016-12,AucklandCity,122328.24
2016-12,Franklin,123875.50
2016-12,Manukau,112690.37
2016-12,NorthShore,119196.69
2016-12,Papakura,104990.08
2016-12,Rodney,115484.58
2016-12,Waitakere,107342.93
2017-01,AucklandCity,122570.49
2017-01,Franklin,124138.00
2017-01,Manukau,112979.71
2017-01,NorthShore,119382.26
2017-01,Papakura,105262.00
2017-01,Rodney,115825.00
2017-01,Waitakere,107575.66
2017-02,AucklandCity,122903.48
2017-02,Franklin,124513.50
2017-02,Manukau,113388.35
2017-02,NorthShore,119691.92
2017-02,Papakura,105706.50
2017-02,Rodney,116276.50
2017-02,Waitakere,107944.03
2017-03,AucklandCity,123236.47
2017-03,Franklin,124889.00
2017-03,Manukau,113797.00
2017-03,NorthShore,120001.57
2017-03,Papakura,106151.00
2017-03,Rodney,116728.00
2017-03,Waitakere,108312.40
2017-04,AucklandCity,123569.47
2017-04,Franklin,125264.50
2017-04,Manukau,114205.65
2017-04,NorthShore,120311.23
2017-04,Papakura,106595.50
2017-04,Rodney,117179.50
2017-04,Waitakere,108680.77
2017-05,AucklandCity,123902.46
2017-05,Franklin,125640.00
2017-05,Manukau,114614.29
2017-05,NorthShore,120620.88
2017-05,Papakura,107040.00
2017-05,Rodney,117631.00
2017-05,Waitakere,109049.14
2017-06,AucklandCity,124235.45
2017-06,Franklin,126015.50
2017-06,Manukau,115022.94
2017-06,NorthShore,120930.54
2017-06,Papakura,107484.50
2017-06,Rodney,118082.50
2017-06,Waitakere,109417.51
2017-07,AucklandCity,124568.45
2017-07,Franklin,126391.00
2017-07,Manukau,115431.59
2017-07,NorthShore,121240.19
2017-07,Papakura,107929.00
2017-07,Rodney,118534.00
2017-07,Waitakere,109785.88
2017-08,AucklandCity,124901.44
2017-08,Franklin,126766.50
2017-08,Manukau,115840.23
2017-08,NorthShore,121549.85
2017-08,Papakura,108373.50
2017-08,Rodney,118985.50
2017-08,Waitakere,110154.25
2017-09,AucklandCity,125234.43
2017-09,Franklin,127142.00
2017-09,Manukau,116248.88
2017-09,NorthShore,121859.50
2017-09,Papakura,108818.00
2017-09,Rodney,119437.00
2017-09,Waitakere,110522.62
2017-10,AucklandCity,125567.43
2017-10,Franklin,127517.50
2017-10,Manukau,116657.53
2017-10,NorthShore,122169.16
2017-10,Papakura,109262.50
2017-10,Rodney,119888.50
2017-10,Waitakere,110890.99
2017-11,AucklandCity,125900.42
2017-11,Franklin,127893.00
2017-11,Manukau,117066.17
2017-11,NorthShore,122478.81
2017-11,Papakura,109707.00
2017-11,Rodney,120340.00
2017-11,Waitakere,111259.36
2017-12,AucklandCity,126233.41
2017-12,Franklin,128268.50
2017-12,Manukau,117474.82
2017-12,NorthShore,122788.47
2017-12,Papakura,110151.50
2017-12,Rodney,120791.50
2017-12,Waitakere,111627.73
2018-01,AucklandCity,126566.41
2018-01,Franklin,128644.00
2018-01,Manukau,117883.47
2018-01,NorthShore,123098.12
2018-01,Papakura,110596.00
2018-01,Rodney,121243.00
2018-01,Waitakere,111996.10
2018-02,AucklandCity,127079.66
2018-02,Franklin,128942.92
2018-02,Manukau,118411.37
2018-02,NorthShore,123562.71
2018-02,Papakura,111087.33
2018-02,Rodney,121655.42
2018-02,Waitakere,112499.33
2018-03,AucklandCity,127592.90
2018-03,Franklin,129241.83
2018-03,Manukau,118939.27
2018-03,NorthShore,124027.31
2018-03,Papakura,111578.67
2018-03,Rodney,122067.83
2018-03,Waitakere,113002.56
2018-04,AucklandCity,128106.15
2018-04,Franklin,129540.75
2018-04,Manukau,119467.17
2018-04,NorthShore,124491.90
2018-04,Papakura,112070.00
2018-04,Rodney,122480.25
2018-04,Waitakere,113505.80
2018-05,AucklandCity,128619.40
2018-05,Franklin,129839.67
2018-05,Manukau,119995.07
2018-05,NorthShore,124956.49
2018-05,Papakura,112561.33
2018-05,Rodney,122892.67
2018-05,Waitakere,114009.03
2018-06,AucklandCity,129132.65
2018-06,Franklin,130138.58
2018-06,Manukau,120522.97
2018-06,NorthShore,125421.08
2018-06,Papakura,113052.67
2018-06,Rodney,123305.08
2018-06,Waitakere,114512.26
2018-07,AucklandCity,129645.90
2018-07,Franklin,130437.50
2018-07,Manukau,121050.87
2018-07,NorthShore,125885.67
2018-07,Papakura,113544.00
2018-07,Rodney,123717.50
2018-07,Waitakere,115015.50
2018-08,AucklandCity,130159.15
2018-08,Franklin,130736.42
2018-08,Manukau,121578.77
2018-08,NorthShore,126350.27
2018-08,Papakura,114035.33
2018-08,Rodney,124129.92
2018-08,Waitakere,115518.73
2018-09,AucklandCity,130672.40
2018-09,Franklin,131035.33
2018-09,Manukau,122106.68
2018-09,NorthShore,126814.86
2018-09,Papakura,114526.67
2018-09,Rodney,124542.33
2018-09,Waitakere,116021.96
2018-10,AucklandCity,131185.65
2018-10,Franklin,131334.25
2018-10,Manukau,122634.58
2018-10,NorthShore,127279.45
2018-10,Papakura,115018.00
2018-10,Rodney,124954.75
2018-10,Waitakere,116525.20
2018-11,AucklandCity,131698.90
2018-11,Franklin,131633.17
2018-11,Manukau,123162.48
2018-11,NorthShore,127744.04
2018-11,Papakura,115509.33
2018-11,Rodney,125367.17
2018-11,Waitakere,117028.43
2018-12,AucklandCity,132212.15
2018-12,Franklin,131932.08
2018-12,Manukau,123690.38
2018-12,NorthShore,128208.63
2018-12,Papakura,116000.67
2018-12,Rodney,125779.58
2018-12,Waitakere,117531.66
2019-01,AucklandCity,132725.39
2019-01,Franklin,132231.00
2019-01,Manukau,124218.28
2019-01,NorthShore,128673.23
2019-01,Papakura,116492.00
2019-01,Rodney,126192.00
2019-01,Waitakere,118034.90
2019-02,AucklandCity,133355.99
2019-02,Franklin,132689.17
2019-02,Manukau,124869.74
2019-02,NorthShore,129280.60
2019-02,Papakura,117068.00
2019-02,Rodney,126607.42
2019-02,Waitakere,118639.53
2019-03,AucklandCity,133986.60
2019-03,Franklin,133147.33
2019-03,Manukau,125521.19
2019-03,NorthShore,129887.97
2019-03,Papakura,117644.00
2019-03,Rodney,127022.83
2019-03,Waitakere,119244.16
2019-04,AucklandCity,134617.20
2019-04,Franklin,133605.50
2019-04,Manukau,126172.65
2019-04,NorthShore,130495.34
2019-04,Papakura,118220.00
2019-04,Rodney,127438.25
2019-04,Waitakere,119848.79
2019-05,AucklandCity,135247.80
2019-05,Franklin,134063.67
2019-05,Manukau,126824.11
2019-05,NorthShore,131102.71
2019-05,Papakura,118796.00
2019-05,Rodney,127853.67
2019-05,Waitakere,120453.42
2019-06,AucklandCity,135878.40
2019-06,Franklin,134521.83
2019-06,Manukau,127475.56
2019-06,NorthShore,131710.09
2019-06,Papakura,119372.00
2019-06,Rodney,128269.08
2019-06,Waitakere,121058.05
2019-07,AucklandCity,136509.00
2019-07,Franklin,134980.00
2019-07,Manukau,128127.02
2019-07,NorthShore,132317.46
2019-07,Papakura,119948.00
2019-07,Rodney,128684.50
2019-07,Waitakere,121662.68
2019-08,AucklandCity,137139.60
2019-08,Franklin,135438.17
2019-08,Manukau,128778.48
2019-08,NorthShore,132924.83
2019-08,Papakura,120524.00
2019-08,Rodney,129099.92
2019-08,Waitakere,122267.31
2019-09,AucklandCity,137770.20
2019-09,Franklin,135896.33
2019-09,Manukau,129429.94
2019-09,NorthShore,133532.20
2019-09,Papakura,121100.00
2019-09,Rodney,129515.33
2019-09,Waitakere,122871.94
2019-10,AucklandCity,138400.80
2019-10,Franklin,136354.50
2019-10,Manukau,130081.39
2019-10,NorthShore,134139.58
2019-10,Papakura,121676.00
2019-10,Rodney,129930.75
2019-10,Waitakere,123476.57
2019-11,AucklandCity,139031.40
2019-11,Franklin,136812.67
2019-11,Manukau,130732.85
2019-11,NorthShore,134746.95
2019-11,Papakura,122252.00
2019-11,Rodney,130346.17
2019-11,Waitakere,124081.20
2019-12,AucklandCity,139662.00
2019-12,Franklin,137270.83
2019-12,Manukau,131384.31
2019-12,NorthShore,135354.32
2019-12,Papakura,122828.00
2019-12,Rodney,130761.58
2019-12,Waitakere,124685.83
2020-01,AucklandCity,140292.60
2020-01,Franklin,137729.00
2020-01,Manukau,132035.76
2020-01,NorthShore,135961.69
2020-01,Papakura,123404.00
2020-01,Rodney,131177.00
2020-01,Waitakere,125290.46
2020-02,AucklandCity,140720.42
2020-02,Franklin,138307.83
2020-02,Manukau,132445.81
2020-02,NorthShore,136437.16
2020-02,Papakura,123890.75
2020-02,Rodney,131696.33
2020-02,Waitakere,125647.44
2020-03,AucklandCity,141148.24
2020-03,Franklin,138886.67
2020-03,Manukau,132855.86
2020-03,NorthShore,136912.63
2020-03,Papakura,124377.50
2020-03,Rodney,132215.67
2020-03,Waitakere,126004.42
2020-04,AucklandCity,141576.06
2020-04,Franklin,139465.50
2020-04,Manukau,133265.90
2020-04,NorthShore,137388.09
2020-04,Papakura,124864.25
2020-04,Rodney,132735.00
2020-04,Waitakere,126361.40
2020-05,AucklandCity,142003.88
2020-05,Franklin,140044.33
2020-05,Manukau,133675.95
2020-05,NorthShore,137863.56
2020-05,Papakura,125351.00
2020-05,Rodney,133254.33
2020-05,Waitakere,126718.38
2020-06,AucklandCity,142431.70
2020-06,Franklin,140623.17
2020-06,Manukau,134086.00
2020-06,NorthShore,138339.03
2020-06,Papakura,125837.75
2020-06,Rodney,133773.67
2020-06,Waitakere,127075.37
2020-07,AucklandCity,142859.52
2020-07,Franklin,141202.00
2020-07,Manukau,134496.04
2020-07,NorthShore,138814.50
2020-07,Papakura,126324.50
2020-07,Rodney,134293.00
2020-07,Waitakere,127432.35
2020-08,AucklandCity,143287.34
2020-08,Franklin,141780.83
2020-08,Manukau,134906.09
2020-08,NorthShore,139289.96
2020-08,Papakura,126811.25
2020-08,Rodney,134812.33
2020-08,Waitakere,127789.33
2020-09,AucklandCity,143715.17
2020-09,Franklin,142359.67
2020-09,Manukau,135316.14
2020-09,NorthShore,139765.43
2020-09,Papakura,127298.00
2020-09,Rodney,135331.67
2020-09,Waitakere,128146.31
2020-10,AucklandCity,144142.99
2020-10,Franklin,142938.50
2020-10,Manukau,135726.18
2020-10,NorthShore,140240.90
2020-10,Papakura,127784.75
2020-10,Rodney,135851.00
2020-10,Waitakere,128503.30
2020-11,AucklandCity,144570.81
2020-11,Franklin,143517.33
2020-11,Manukau,136136.23
2020-11,NorthShore,140716.36
2020-11,Papakura,128271.50
2020-11,Rodney,136370.33
2020-11,Waitakere,128860.28
2020-12,AucklandCity,144998.63
2020-12,Franklin,144096.17
2020-12,Manukau,136546.28
2020-12,NorthShore,141191.83
2020-12,Papakura,128758.25
2020-12,Rodney,136889.67
2020-12,Waitakere,129217.26
2021-01,AucklandCity,145426.45
2021-01,Franklin,144675.00
2021-01,Manukau,136956.32
2021-01,NorthShore,141667.30
2021-01,Papakura,129245.00
2021-01,Rodney,137409.00
2021-01,Waitakere,129574.24
2021-02,AucklandCity,146400.52
2021-02,Franklin,145117.50
2021-02,Manukau,137874.71
2021-02,NorthShore,142564.55
2021-02,Papakura,129837.67
2021-02,Rodney,137798.42
2021-02,Waitakere,130350.69
2021-03,AucklandCity,147374.58
2021-03,Franklin,145560.00
2021-03,Manukau,138793.10
2021-03,NorthShore,143461.81
2021-03,Papakura,130430.33
2021-03,Rodney,138187.83
2021-03,Waitakere,131127.15
2021-04,AucklandCity,148348.65
2021-04,Franklin,146002.50
2021-04,Manukau,139711.49
2021-04,NorthShore,144359.06
2021-04,Papakura,131023.00
2021-04,Rodney,138577.25
2021-04,Waitakere,131903.60
2021-05,AucklandCity,149322.72
2021-05,Franklin,146445.00
2021-05,Manukau,140629.88
2021-05,NorthShore,145256.32
2021-05,Papakura,131615.67
2021-05,Rodney,138966.67
2021-05,Waitakere,132680.05
2021-06,AucklandCity,150296.79
2021-06,Franklin,146887.50
2021-06,Manukau,141548.26
2021-06,NorthShore,146153.57
2021-06,Papakura,132208.33
2021-06,Rodney,139356.08
2021-06,Waitakere,133456.50
2021-07,AucklandCity,151270.86
2021-07,Franklin,147330.00
2021-07,Manukau,142466.65
2021-07,NorthShore,147050.83
2021-07,Papakura,132801.00
2021-07,Rodney,139745.50
2021-07,Waitakere,134232.96
2021-08,AucklandCity,152244.93
2021-08,Franklin,147772.50
2021-08,Manukau,143385.04
2021-08,NorthShore,147948.08
2021-08,Papakura,133393.67
2021-08,Rodney,140134.92
2021-08,Waitakere,135009.41
2021-09,AucklandCity,153219.00
2021-09,Franklin,148215.00
2021-09,Manukau,144303.43
2021-09,NorthShore,148845.33
2021-09,Papakura,133986.33
2021-09,Rodney,140524.33
2021-09,Waitakere,135785.86
2021-10,AucklandCity,154193.07
2021-10,Franklin,148657.50
2021-10,Manukau,145221.82
2021-10,NorthShore,149742.59
2021-10,Papakura,134579.00
2021-10,Rodney,140913.75
2021-10,Waitakere,136562.31
2021-11,AucklandCity,155167.14
2021-11,Franklin,149100.00
2021-11,Manukau,146140.20
2021-11,NorthShore,150639.84
2021-11,Papakura,135171.67
2021-11,Rodney,141303.17
2021-11,Waitakere,137338.77
2021-12,AucklandCity,156141.20
2021-12,Franklin,149542.50
2021-12,Manukau,147058.59
2021-12,NorthShore,151537.10
2021-12,Papakura,135764.33
2021-12,Rodney,141692.58
2021-12,Waitakere,138115.22
2022-01,AucklandCity,157115.27
2022-01,Franklin,149985.00
2022-01,Manukau,147976.98
2022-01,NorthShore,152434.35
2022-01,Papakura,136357.00
2022-01,Rodney,142082.00
2022-01,Waitakere,138891.67
2022-02,AucklandCity,157719.58
2022-02,Franklin,150553.92
2022-02,Manukau,148723.73
2022-02,NorthShore,153139.44
2022-02,Papakura,137051.58
2022-02,Rodney,142665.75
2022-02,Waitakere,139703.72
2022-03,AucklandCity,158323.89
2022-03,Franklin,151122.83
2022-03,Manukau,149470.49
2022-03,NorthShore,153844.53
2022-03,Papakura,137746.17
2022-03,Rodney,143249.50
2022-03,Waitakere,140515.77
2022-04,AucklandCity,158928.20
2022-04,Franklin,151691.75
2022-04,Manukau,150217.24
2022-04,NorthShore,154549.62
2022-04,Papakura,138440.75
2022-04,Rodney,143833.25
2022-04,Waitakere,141327.82
2022-05,AucklandCity,159532.51
2022-05,Franklin,152260.67
2022-05,Manukau,150963.99
2022-05,NorthShore,155254.71
2022-05,Papakura,139135.33
2022-05,Rodney,144417.00
2022-05,Waitakere,142139.87
2022-06,AucklandCity,160136.82
2022-06,Franklin,152829.58
2022-06,Manukau,151710.74
2022-06,NorthShore,155959.81
2022-06,Papakura,139829.92
2022-06,Rodney,145000.75
2022-06,Waitakere,142951.92
2022-07,AucklandCity,160741.14
2022-07,Franklin,153398.50
2022-07,Manukau,152457.50
2022-07,NorthShore,156664.90
2022-07,Papakura,140524.50
2022-07,Rodney,145584.50
2022-07,Waitakere,143763.97
2022-08,AucklandCity,161345.45
2022-08,Franklin,153967.42
2022-08,Manukau,153204.25
2022-08,NorthShore,157369.99
2022-08,Papakura,141219.08
2022-08,Rodney,146168.25
2022-08,Waitakere,144576.02
2022-09,AucklandCity,161949.76
2022-09,Franklin,154536.33
2022-09,Manukau,153951.00
2022-09,NorthShore,158075.08
2022-09,Papakura,141913.67
2022-09,Rodney,146752.00
2022-09,Waitakere,145388.07
2022-10,AucklandCity,162554.07
2022-10,Franklin,155105.25
2022-10,Manukau,154697.76
2022-10,NorthShore,158780.17
2022-10,Papakura,142608.25
2022-10,Rodney,147335.75
2022-10,Waitakere,146200.12
2022-11,AucklandCity,163158.38
2022-11,Franklin,155674.17
2022-11,Manukau,155444.51
2022-11,NorthShore,159485.26
2022-11,Papakura,143302.83
2022-11,Rodney,147919.50
2022-11,Waitakere,147012.17
2022-12,AucklandCity,163762.69
2022-12,Franklin,156243.08
2022-12,Manukau,156191.26
2022-12,NorthShore,160190.35
2022-12,Papakura,143997.42
2022-12,Rodney,148503.25
2022-12,Waitakere,147824.22
2023-01,AucklandCity,164367.00
2023-01,Franklin,156812.00
2023-01,Manukau,156938.01
2023-01,NorthShore,160895.44
2023-01,Papakura,144692.00
2023-01,Rodney,149087.00
2023-01,Waitakere,148636.27
2023-02,AucklandCity,163814.94
2023-02,Franklin,156850.05
2023-02,Manukau,156255.62
2023-02,NorthShore,160301.30
2023-02,Papakura,144183.43
2023-02,Rodney,149203.84
2023-02,Waitakere,147985.30
2023-03,AucklandCity,163262.89
2023-03,Franklin,156888.09
2023-03,Manukau,155573.23
2023-03,NorthShore,159707.16
2023-03,Papakura,143674.86
2023-03,Rodney,149320.67
2023-03,Waitakere,147334.34
2023-04,AucklandCity,162710.84
2023-04,Franklin,156926.14
2023-04,Manukau,154890.84
2023-04,NorthShore,159113.02
2023-04,Papakura,143166.29
2023-04,Rodney,149437.51
2023-04,Waitakere,146683.37
2023-05,AucklandCity,162158.79
2023-05,Franklin,156964.19
2023-05,Manukau,154208.45
2023-05,NorthShore,158518.88
2023-05,Papakura,142657.72
2023-05,Rodney,149554.35
2023-05,Waitakere,146032.41
2023-06,AucklandCity,161606.74
2023-06,Franklin,157002.23
2023-06,Manukau,153526.06
2023-06,NorthShore,157924.73
2023-06,Papakura,142149.15
2023-06,Rodney,149671.19
2023-06,Waitakere,145381.45
2023-07,AucklandCity,161054.68
2023-07,Franklin,157040.28
2023-07,Manukau,152843.67
2023-07,NorthShore,157330.59
2023-07,Papakura,141640.59
2023-07,Rodney,149788.02
2023-07,Waitakere,144730.48
2023-08,AucklandCity,160502.63
2023-08,Franklin,157078.33
2023-08,Manukau,152161.28
2023-08,NorthShore,156736.45
2023-08,Papakura,141132.02
2023-08,Rodney,149904.86
2023-08,Waitakere,144079.52
2023-09,AucklandCity,159950.58
2023-09,Franklin,157116.37
2023-09,Manukau,151478.89
2023-09,NorthShore,156142.31
2023-09,Papakura,140623.45
2023-09,Rodney,150021.70
2023-09,Waitakere,143428.56
2023-10,AucklandCity,159398.53
2023-10,Franklin,157154.42
2023-10,Manukau,150796.50
2023-10,NorthShore,155548.17
2023-10,Papakura,140114.88
2023-10,Rodney,150138.54
2023-10,Waitakere,142777.59
2023-11,AucklandCity,158846.47
2023-11,Franklin,157192.47
2023-11,Manukau,150114.11
2023-11,NorthShore,154954.02
2023-11,Papakura,139606.31
2023-11,Rodney,150255.38
2023-11,Waitakere,142126.63
2023-12,AucklandCity,158294.42
2023-12,Franklin,157230.51
2023-12,Manukau,149431.72
2023-12,NorthShore,154359.88
2023-12,Papakura,139097.74
2023-12,Rodney,150372.21
2023-12,Waitakere,141475.66
2024-01,AucklandCity,157742.37
2024-01,Franklin,157268.56
2024-01,Manukau,148749.33
2024-01,NorthShore,153765.74
2024-01,Papakura,138589.17
2024-01,Rodney,150489.05
2024-01,Waitakere,140824.70
2024-02,AucklandCity,158108.20
2024-02,Franklin,157655.46
2024-02,Manukau,149111.99
2024-02,NorthShore,154121.15
2024-02,Papakura,138933.13
2024-02,Rodney,150897.04
2024-02,Waitakere,141163.58
2024-03,AucklandCity,158474.02
2024-03,Franklin,158042.37
2024-03,Manukau,149474.64
2024-03,NorthShore,154476.55
2024-03,Papakura,139277.09
2024-03,Rodney,151305.02
2024-03,Waitakere,141502.47
2024-04,AucklandCity,158839.85
2024-04,Franklin,158429.27
2024-04,Manukau,149837.30
2024-04,NorthShore,154831.96
2024-04,Papakura,139621.05
2024-04,Rodney,151713.01
2024-04,Waitakere,141841.35
2024-05,AucklandCity,159205.67
2024-05,Franklin,158816.18
2024-05,Manukau,150199.96
2024-05,NorthShore,155187.36
2024-05,Papakura,139965.00
2024-05,Rodney,152121.00
2024-05,Waitakere,142180.23
2024-06,AucklandCity,159571.50
2024-06,Franklin,159203.08
2024-06,Manukau,150562.61
2024-06,NorthShore,155542.77
2024-06,Papakura,140308.96
2024-06,Rodney,152528.99
2024-06,Waitakere,142519.11
2024-07,AucklandCity,159937.33
2024-07,Franklin,159589.99
2024-07,Manukau,150925.27
2024-07,NorthShore,155898.17
2024-07,Papakura,140652.92
2024-07,Rodney,152936.97
2024-07,Waitakere,142857.99
2024-08,AucklandCity,160303.15
2024-08,Franklin,159976.90
2024-08,Manukau,151287.93
2024-08,NorthShore,156253.58
2024-08,Papakura,140996.88
2024-08,Rodney,153344.96
2024-08,Waitakere,143196.88
2024-09,AucklandCity,160668.98
2024-09,Franklin,160363.80
2024-09,Manukau,151650.58
2024-09,NorthShore,156608.99
2024-09,Papakura,141340.84
2024-09,Rodney,153752.95
2024-09,Waitakere,143535.76
2024-10,AucklandCity,161034.80
2024-10,Franklin,160750.71
2024-10,Manukau,152013.24
2024-10,NorthShore,156964.39
2024-10,Papakura,141684.80
2024-10,Rodney,154160.94
2024-10,Waitakere,143874.64
2024-11,AucklandCity,161400.63
2024-11,Franklin,161137.61
2024-11,Manukau,152375.90
2024-11,NorthShore,157319.80
2024-11,Papakura,142028.75
2024-11,Rodney,154568.92
2024-11,Waitakere,144213.53
2024-12,AucklandCity,161766.45
2024-12,Franklin,161524.52
2024-12,Manukau,152738.55
2024-12,NorthShore,157675.20
2024-12,Papakura,142372.71
2024-12,Rodney,154976.91
2024-12,Waitakere,144552.41
2025-01,AucklandCity,162132.28
2025-01,Franklin,161911.42
2025-01,Manukau,153101.21
2025-01,NorthShore,158030.61
2025-01,Papakura,142716.67
2025-01,Rodney,155384.90
2025-01,Waitakere,144891.29
